"File","Category","ActualAccess","IntendedRole","Gap","Evidence"
"account.php","App Entry/Utility","Public/Shared","Legacy/Dev","",""
"administrator\admin_guard.php","Admin Module","System Admin","System Admin","","guardRole([1])"
"administrator\audit_logs.php","Admin Module","System Admin only","System Admin","","admin_guard.php"
"administrator\audit_logs-actions.php","Admin Module","System Admin only","System Admin","","admin_guard.php"
"administrator\dashboard.php","Admin Module","System Admin only","System Admin","","admin_guard.php"
"administrator\departments.php","Admin Module","System Admin only","System Admin","","admin_guard.php"
"administrator\ics.php","Admin Module","System Admin only","Property Custodian","Admin-only enforcement blocks intended role module access.","admin_guard.php"
"administrator\ics_items.php","Admin Module","System Admin only","Property Custodian","Admin-only enforcement blocks intended role module access.","admin_guard.php"
"administrator\ics-actions.php","Admin Module","System Admin only","Property Custodian","Admin-only enforcement blocks intended role module access.","admin_guard.php"
"administrator\index.php","Admin Module","Authenticated users","System Admin","","role router redirect"
"administrator\inventory_balance.php","Admin Module","System Admin only","Supply Officer, Inventory Officer","Admin-only enforcement blocks intended role module access.","admin_guard.php"
"administrator\item-actions.php","Admin Module","System Admin only","Supply Officer, Inventory Officer","Admin-only enforcement blocks intended role module access.","admin_guard.php"
"administrator\items.php","Admin Module","System Admin only","Supply Officer, Inventory Officer","Admin-only enforcement blocks intended role module access.","admin_guard.php"
"administrator\par.php","Admin Module","System Admin only","Property Custodian","Admin-only enforcement blocks intended role module access.","admin_guard.php"
"administrator\par_items.php","Admin Module","System Admin only","Property Custodian","Admin-only enforcement blocks intended role module access.","admin_guard.php"
"administrator\par-actions.php","Admin Module","System Admin only","Property Custodian","Admin-only enforcement blocks intended role module access.","admin_guard.php"
"administrator\physical_inventory_items.php","Admin Module","System Admin only","Auditor","Admin-only enforcement blocks intended role module access.","admin_guard.php"
"administrator\physical_inventory_reports.php","Admin Module","System Admin only","Auditor","Admin-only enforcement blocks intended role module access.","admin_guard.php"
"administrator\physical_inventory-actions.php","Admin Module","System Admin only","Auditor","Admin-only enforcement blocks intended role module access.","admin_guard.php"
"administrator\physical_ppe_items.php","Admin Module","System Admin only","Auditor","Admin-only enforcement blocks intended role module access.","admin_guard.php"
"administrator\physical_ppe_reports.php","Admin Module","System Admin only","Auditor","Admin-only enforcement blocks intended role module access.","admin_guard.php"
"administrator\physical_ppe-actions.php","Admin Module","System Admin only","Auditor","Admin-only enforcement blocks intended role module access.","admin_guard.php"
"administrator\print\ics.php","Print/PDF","System Admin only","Property Custodian","Admin-only enforcement blocks intended role module access.","admin_guard.php"
"administrator\print\par.php","Print/PDF","System Admin only","Property Custodian","Admin-only enforcement blocks intended role module access.","admin_guard.php"
"administrator\print\ris.php","Print/PDF","System Admin only","Supply Officer, Inventory Officer","Admin-only enforcement blocks intended role module access.","admin_guard.php"
"administrator\print\rpci.php","Print/PDF","System Admin only","Auditor","Admin-only enforcement blocks intended role module access.","admin_guard.php"
"administrator\print\rsmi.php","Print/PDF","System Admin only","Supply Officer, Inventory Officer","Admin-only enforcement blocks intended role module access.","admin_guard.php"
"administrator\property_card_transactions.php","Admin Module","System Admin only","Property Custodian","Admin-only enforcement blocks intended role module access.","admin_guard.php"
"administrator\property_card-actions.php","Admin Module","System Admin only","Property Custodian","Admin-only enforcement blocks intended role module access.","admin_guard.php"
"administrator\property_cards.php","Admin Module","System Admin only","Property Custodian","Admin-only enforcement blocks intended role module access.","admin_guard.php"
"administrator\property_transfer-actions.php","Admin Module","System Admin only","Property Custodian","Admin-only enforcement blocks intended role module access.","admin_guard.php"
"administrator\property_transfers.php","Admin Module","System Admin only","Property Custodian","Admin-only enforcement blocks intended role module access.","admin_guard.php"
"administrator\reorder_report.php","Admin Module","System Admin only","Supply Officer, Inventory Officer","Admin-only enforcement blocks intended role module access.","admin_guard.php"
"administrator\ris.php","Admin Module","System Admin only","Supply Officer, Inventory Officer","Admin-only enforcement blocks intended role module access.","admin_guard.php"
"administrator\ris_items.php","Admin Module","System Admin only","Supply Officer, Inventory Officer","Admin-only enforcement blocks intended role module access.","admin_guard.php"
"administrator\ris-actions.php","Admin Module","System Admin only","Supply Officer, Inventory Officer","Admin-only enforcement blocks intended role module access.","admin_guard.php"
"administrator\roles.php","Admin Module","System Admin only","System Admin","","admin_guard.php"
"administrator\sidebar.php","Admin Module","System Admin only","System Admin","","admin_guard.php"
"administrator\stock_inventory-actions.php","Admin Module","System Admin only","Supply Officer, Inventory Officer","Admin-only enforcement blocks intended role module access.","admin_guard.php"
"administrator\supplier-actions.php","Admin Module","System Admin only","System Admin, Supply Officer","Admin-only enforcement blocks intended role module access.","admin_guard.php"
"administrator\suppliers.php","Admin Module","System Admin only","System Admin, Supply Officer","Admin-only enforcement blocks intended role module access.","admin_guard.php"
"administrator\supply_issuance.php","Admin Module","System Admin only","Supply Officer, Inventory Officer","Admin-only enforcement blocks intended role module access.","admin_guard.php"
"administrator\supply_issuance_items.php","Admin Module","System Admin only","Supply Officer, Inventory Officer","Admin-only enforcement blocks intended role module access.","admin_guard.php"
"administrator\supply_issuance-actions.php","Admin Module","System Admin only","Supply Officer, Inventory Officer","Admin-only enforcement blocks intended role module access.","admin_guard.php"
"administrator\supply_ledger.php","Admin Module","System Admin only","Supply Officer, Inventory Officer","Admin-only enforcement blocks intended role module access.","admin_guard.php"
"administrator\supply_receive.php","Admin Module","System Admin only","Supply Officer, Inventory Officer","Admin-only enforcement blocks intended role module access.","admin_guard.php"
"administrator\supply_receive_items.php","Admin Module","System Admin only","Supply Officer, Inventory Officer","Admin-only enforcement blocks intended role module access.","admin_guard.php"
"administrator\supply_receive-actions.php","Admin Module","System Admin only","Supply Officer, Inventory Officer","Admin-only enforcement blocks intended role module access.","admin_guard.php"
"administrator\system_settings.php","Admin Module","System Admin only","System Admin","","admin_guard.php"
"administrator\system_settings-actions.php","Admin Module","System Admin only","System Admin","","admin_guard.php"
"administrator\unserviceable_items.php","Admin Module","System Admin only","Auditor","Admin-only enforcement blocks intended role module access.","admin_guard.php"
"administrator\unserviceable_reports.php","Admin Module","System Admin only","Auditor","Admin-only enforcement blocks intended role module access.","admin_guard.php"
"administrator\unserviceable-actions.php","Admin Module","System Admin only","Auditor","Admin-only enforcement blocks intended role module access.","admin_guard.php"
"administrator\user-actions.php","Admin Module","System Admin only","System Admin","","admin_guard.php"
"administrator\users.php","Admin Module","System Admin only","System Admin","","admin_guard.php"
"api.php","App Entry/Utility","Authenticated users","Legacy/Dev","","isLoggedIn() check"
"api\admin.php","API","System Admin only","System Admin","","if(!isAdmin()) unauthorized"
"auditor\dashboard.php","Role Dashboard","Auditor","Auditor","","guardRole([5])"
"core\auth_guard.php","Core","System Admin, Supply Officer","Shared backend/UI","","guardRole([1,2])"
"core\BaseModel.php","Core","Public/Shared","Shared backend/UI","",""
"core\config.php","Core","Public/Shared","Shared backend/UI","",""
"core\csrf.php","Core","Public/Shared","Shared backend/UI","",""
"core\helper.php","Core","Authenticated users","Shared backend/UI","","isLoggedIn() check"
"core\index.php","Core","Public/Shared","Shared backend/UI","",""
"core\Model.php","Core","Public/Shared","Shared backend/UI","",""
"core\pdf\TcpdfHelper.php","Core","Public/Shared","Shared backend/UI","",""
"employee\dashboard.php","Role Dashboard","Employee","Employee","","guardRole([6])"
"forgotpwd.php","App Entry/Utility","Public/Shared","Public (pre-auth)","",""
"index.php","App Entry/Utility","Authenticated users","All authenticated roles","","role router redirect"
"inventoryofficer\dashboard.php","Role Dashboard","Inventory Officer","Inventory Officer","","guardRole([3])"
"login.php","App Entry/Utility","Public/Shared","Public (pre-auth)","",""
"logout.php","App Entry/Utility","Authenticated users","All authenticated roles","","logout endpoint"
"partials\alert-scripts.php","View Partial","Public/Shared","Shared backend/UI","",""
"partials\head.php","View Partial","Public/Shared","Shared backend/UI","",""
"partials\preload.php","View Partial","Public/Shared","Shared backend/UI","",""
"partials\scripts.php","View Partial","Public/Shared","Shared backend/UI","",""
"profile.php","App Entry/Utility","Authenticated users","All authenticated roles","Profile page loads administrator/sidebar.php, so non-admin users are redirected by admin_guard.","isLoggedIn() check"
"profile-actions.php","App Entry/Utility","Authenticated users","All authenticated roles","","isLoggedIn() check"
"propertycustodian\dashboard.php","Role Dashboard","Property Custodian","Property Custodian","","guardRole([4])"
"register.php","App Entry/Utility","Public/Shared","Public (pre-auth)","",""
"repo\Account.model.php","Data Model","Public/Shared","Shared backend/UI","",""
"repo\AuditLog.model.php","Data Model","Public/Shared","Shared backend/UI","",""
"repo\Department.model.php","Data Model","Public/Shared","Shared backend/UI","",""
"repo\ICS.model.php","Data Model","Public/Shared","Shared backend/UI","",""
"repo\Item.model.php","Data Model","Public/Shared","Shared backend/UI","",""
"repo\PAR.model.php","Data Model","Public/Shared","Shared backend/UI","",""
"repo\PhysicalInventory.model.php","Data Model","Public/Shared","Shared backend/UI","",""
"repo\PhysicalPpe.model.php","Data Model","Public/Shared","Shared backend/UI","",""
"repo\PropertyCard.model.php","Data Model","Public/Shared","Shared backend/UI","",""
"repo\PropertyTransfer.model.php","Data Model","Public/Shared","Shared backend/UI","",""
"repo\RIS.model.php","Data Model","Public/Shared","Shared backend/UI","",""
"repo\Role.model.php","Data Model","Public/Shared","Shared backend/UI","",""
"repo\StockCard.model.php","Data Model","Public/Shared","Shared backend/UI","",""
"repo\StockInventory.model.php","Data Model","Public/Shared","Shared backend/UI","",""
"repo\StockTransaction.model.php","Data Model","Public/Shared","Shared backend/UI","",""
"repo\Supplier.model.php","Data Model","Public/Shared","Shared backend/UI","",""
"repo\Supply_Issuance.model.php","Data Model","Public/Shared","Shared backend/UI","",""
"repo\Supply_Receive.model.php","Data Model","Public/Shared","Shared backend/UI","",""
"repo\SupplyLedger.model.php","Data Model","Public/Shared","Shared backend/UI","",""
"repo\SystemSettings.model.php","Data Model","Public/Shared","Shared backend/UI","",""
"repo\UnserviceableProperty.model.php","Data Model","Public/Shared","Shared backend/UI","",""
"repo\User.model.php","Data Model","Public/Shared","Shared backend/UI","",""
"resetpwd.php","App Entry/Utility","Public/Shared","Public (pre-auth)","",""
"supplyofficer\index.php","Role Dashboard","Supply Officer","Supply Officer","","guardRole([2])"
"test.php","App Entry/Utility","Public/Shared","Legacy/Dev","",""
"test_dept.php","App Entry/Utility","Public/Shared","Legacy/Dev","",""
"unathorized.php","App Entry/Utility","Public/Shared","All authenticated roles","",""
"vendor\TCPDF-6.7.4\config\tcpdf_config.php","Vendor","Shared library (vendor)","Vendor library","","vendor include file"
"vendor\TCPDF-6.7.4\examples\barcodes\example_1d_html.php","Vendor","Shared library (vendor)","Vendor library","","vendor include file"
"vendor\TCPDF-6.7.4\examples\barcodes\example_1d_png.php","Vendor","Shared library (vendor)","Vendor library","","vendor include file"
"vendor\TCPDF-6.7.4\examples\barcodes\example_1d_svg.php","Vendor","Shared library (vendor)","Vendor library","","vendor include file"
"vendor\TCPDF-6.7.4\examples\barcodes\example_1d_svgi.php","Vendor","Shared library (vendor)","Vendor library","","vendor include file"
"vendor\TCPDF-6.7.4\examples\barcodes\example_2d_datamatrix_html.php","Vendor","Shared library (vendor)","Vendor library","","vendor include file"
"vendor\TCPDF-6.7.4\examples\barcodes\example_2d_datamatrix_png.php","Vendor","Shared library (vendor)","Vendor library","","vendor include file"
"vendor\TCPDF-6.7.4\examples\barcodes\example_2d_datamatrix_svg.php","Vendor","Shared library (vendor)","Vendor library","","vendor include file"
"vendor\TCPDF-6.7.4\examples\barcodes\example_2d_datamatrix_svgi.php","Vendor","Shared library (vendor)","Vendor library","","vendor include file"
"vendor\TCPDF-6.7.4\examples\barcodes\example_2d_pdf417_html.php","Vendor","Shared library (vendor)","Vendor library","","vendor include file"
"vendor\TCPDF-6.7.4\examples\barcodes\example_2d_pdf417_png.php","Vendor","Shared library (vendor)","Vendor library","","vendor include file"
"vendor\TCPDF-6.7.4\examples\barcodes\example_2d_pdf417_svg.php","Vendor","Shared library (vendor)","Vendor library","","vendor include file"
"vendor\TCPDF-6.7.4\examples\barcodes\example_2d_pdf417_svgi.php","Vendor","Shared library (vendor)","Vendor library","","vendor include file"
"vendor\TCPDF-6.7.4\examples\barcodes\example_2d_qrcode_html.php","Vendor","Shared library (vendor)","Vendor library","","vendor include file"
"vendor\TCPDF-6.7.4\examples\barcodes\example_2d_qrcode_png.php","Vendor","Shared library (vendor)","Vendor library","","vendor include file"
"vendor\TCPDF-6.7.4\examples\barcodes\example_2d_qrcode_svg.php","Vendor","Shared library (vendor)","Vendor library","","vendor include file"
"vendor\TCPDF-6.7.4\examples\barcodes\example_2d_qrcode_svgi.php","Vendor","Shared library (vendor)","Vendor library","","vendor include file"
"vendor\TCPDF-6.7.4\examples\barcodes\tcpdf_barcodes_1d_include.php","Vendor","Shared library (vendor)","Vendor library","","vendor include file"
"vendor\TCPDF-6.7.4\examples\barcodes\tcpdf_barcodes_2d_include.php","Vendor","Shared library (vendor)","Vendor library","","vendor include file"
"vendor\TCPDF-6.7.4\examples\config\tcpdf_config_alt.php","Vendor","Shared library (vendor)","Vendor library","","vendor include file"
"vendor\TCPDF-6.7.4\examples\example_001.php","Vendor","Shared library (vendor)","Vendor library","","vendor include file"
"vendor\TCPDF-6.7.4\examples\example_002.php","Vendor","Shared library (vendor)","Vendor library","","vendor include file"
"vendor\TCPDF-6.7.4\examples\example_003.php","Vendor","Shared library (vendor)","Vendor library","","vendor include file"
"vendor\TCPDF-6.7.4\examples\example_004.php","Vendor","Shared library (vendor)","Vendor library","","vendor include file"
"vendor\TCPDF-6.7.4\examples\example_005.php","Vendor","Shared library (vendor)","Vendor library","","vendor include file"
"vendor\TCPDF-6.7.4\examples\example_006.php","Vendor","Shared library (vendor)","Vendor library","","vendor include file"
"vendor\TCPDF-6.7.4\examples\example_007.php","Vendor","Shared library (vendor)","Vendor library","","vendor include file"
"vendor\TCPDF-6.7.4\examples\example_008.php","Vendor","Shared library (vendor)","Vendor library","","vendor include file"
"vendor\TCPDF-6.7.4\examples\example_009.php","Vendor","Shared library (vendor)","Vendor library","","vendor include file"
"vendor\TCPDF-6.7.4\examples\example_010.php","Vendor","Shared library (vendor)","Vendor library","","vendor include file"
"vendor\TCPDF-6.7.4\examples\example_011.php","Vendor","Shared library (vendor)","Vendor library","","vendor include file"
"vendor\TCPDF-6.7.4\examples\example_012.php","Vendor","Shared library (vendor)","Vendor library","","vendor include file"
"vendor\TCPDF-6.7.4\examples\example_013.php","Vendor","Shared library (vendor)","Vendor library","","vendor include file"
"vendor\TCPDF-6.7.4\examples\example_014.php","Vendor","Shared library (vendor)","Vendor library","","vendor include file"
"vendor\TCPDF-6.7.4\examples\example_015.php","Vendor","Shared library (vendor)","Vendor library","","vendor include file"
"vendor\TCPDF-6.7.4\examples\example_016.php","Vendor","Shared library (vendor)","Vendor library","","vendor include file"
"vendor\TCPDF-6.7.4\examples\example_017.php","Vendor","Shared library (vendor)","Vendor library","","vendor include file"
"vendor\TCPDF-6.7.4\examples\example_018.php","Vendor","Shared library (vendor)","Vendor library","","vendor include file"
"vendor\TCPDF-6.7.4\examples\example_019.php","Vendor","Shared library (vendor)","Vendor library","","vendor include file"
"vendor\TCPDF-6.7.4\examples\example_020.php","Vendor","Shared library (vendor)","Vendor library","","vendor include file"
"vendor\TCPDF-6.7.4\examples\example_021.php","Vendor","Shared library (vendor)","Vendor library","","vendor include file"
"vendor\TCPDF-6.7.4\examples\example_022.php","Vendor","Shared library (vendor)","Vendor library","","vendor include file"
"vendor\TCPDF-6.7.4\examples\example_023.php","Vendor","Shared library (vendor)","Vendor library","","vendor include file"
"vendor\TCPDF-6.7.4\examples\example_024.php","Vendor","Shared library (vendor)","Vendor library","","vendor include file"
"vendor\TCPDF-6.7.4\examples\example_025.php","Vendor","Shared library (vendor)","Vendor library","","vendor include file"
"vendor\TCPDF-6.7.4\examples\example_026.php","Vendor","Shared library (vendor)","Vendor library","","vendor include file"
"vendor\TCPDF-6.7.4\examples\example_027.php","Vendor","Shared library (vendor)","Vendor library","","vendor include file"
"vendor\TCPDF-6.7.4\examples\example_028.php","Vendor","Shared library (vendor)","Vendor library","","vendor include file"
"vendor\TCPDF-6.7.4\examples\example_029.php","Vendor","Shared library (vendor)","Vendor library","","vendor include file"
"vendor\TCPDF-6.7.4\examples\example_030.php","Vendor","Shared library (vendor)","Vendor library","","vendor include file"
"vendor\TCPDF-6.7.4\examples\example_031.php","Vendor","Shared library (vendor)","Vendor library","","vendor include file"
"vendor\TCPDF-6.7.4\examples\example_032.php","Vendor","Shared library (vendor)","Vendor library","","vendor include file"
"vendor\TCPDF-6.7.4\examples\example_033.php","Vendor","Shared library (vendor)","Vendor library","","vendor include file"
"vendor\TCPDF-6.7.4\examples\example_034.php","Vendor","Shared library (vendor)","Vendor library","","vendor include file"
"vendor\TCPDF-6.7.4\examples\example_035.php","Vendor","Shared library (vendor)","Vendor library","","vendor include file"
"vendor\TCPDF-6.7.4\examples\example_036.php","Vendor","Shared library (vendor)","Vendor library","","vendor include file"
"vendor\TCPDF-6.7.4\examples\example_037.php","Vendor","Shared library (vendor)","Vendor library","","vendor include file"
"vendor\TCPDF-6.7.4\examples\example_038.php","Vendor","Shared library (vendor)","Vendor library","","vendor include file"
"vendor\TCPDF-6.7.4\examples\example_039.php","Vendor","Shared library (vendor)","Vendor library","","vendor include file"
"vendor\TCPDF-6.7.4\examples\example_040.php","Vendor","Shared library (vendor)","Vendor library","","vendor include file"
"vendor\TCPDF-6.7.4\examples\example_041.php","Vendor","Shared library (vendor)","Vendor library","","vendor include file"
"vendor\TCPDF-6.7.4\examples\example_042.php","Vendor","Shared library (vendor)","Vendor library","","vendor include file"
"vendor\TCPDF-6.7.4\examples\example_043.php","Vendor","Shared library (vendor)","Vendor library","","vendor include file"
"vendor\TCPDF-6.7.4\examples\example_044.php","Vendor","Shared library (vendor)","Vendor library","","vendor include file"
"vendor\TCPDF-6.7.4\examples\example_045.php","Vendor","Shared library (vendor)","Vendor library","","vendor include file"
"vendor\TCPDF-6.7.4\examples\example_046.php","Vendor","Shared library (vendor)","Vendor library","","vendor include file"
"vendor\TCPDF-6.7.4\examples\example_047.php","Vendor","Shared library (vendor)","Vendor library","","vendor include file"
"vendor\TCPDF-6.7.4\examples\example_048.php","Vendor","Shared library (vendor)","Vendor library","","vendor include file"
"vendor\TCPDF-6.7.4\examples\example_049.php","Vendor","Shared library (vendor)","Vendor library","","vendor include file"
"vendor\TCPDF-6.7.4\examples\example_050.php","Vendor","Shared library (vendor)","Vendor library","","vendor include file"
"vendor\TCPDF-6.7.4\examples\example_051.php","Vendor","Shared library (vendor)","Vendor library","","vendor include file"
"vendor\TCPDF-6.7.4\examples\example_052.php","Vendor","Shared library (vendor)","Vendor library","","vendor include file"
"vendor\TCPDF-6.7.4\examples\example_053.php","Vendor","Shared library (vendor)","Vendor library","","vendor include file"
"vendor\TCPDF-6.7.4\examples\example_054.php","Vendor","Shared library (vendor)","Vendor library","","vendor include file"
"vendor\TCPDF-6.7.4\examples\example_055.php","Vendor","Shared library (vendor)","Vendor library","","vendor include file"
"vendor\TCPDF-6.7.4\examples\example_056.php","Vendor","Shared library (vendor)","Vendor library","","vendor include file"
"vendor\TCPDF-6.7.4\examples\example_057.php","Vendor","Shared library (vendor)","Vendor library","","vendor include file"
"vendor\TCPDF-6.7.4\examples\example_058.php","Vendor","Shared library (vendor)","Vendor library","","vendor include file"
"vendor\TCPDF-6.7.4\examples\example_059.php","Vendor","Shared library (vendor)","Vendor library","","vendor include file"
"vendor\TCPDF-6.7.4\examples\example_060.php","Vendor","Shared library (vendor)","Vendor library","","vendor include file"
"vendor\TCPDF-6.7.4\examples\example_061.php","Vendor","Shared library (vendor)","Vendor library","","vendor include file"
"vendor\TCPDF-6.7.4\examples\example_062.php","Vendor","Shared library (vendor)","Vendor library","","vendor include file"
"vendor\TCPDF-6.7.4\examples\example_063.php","Vendor","Shared library (vendor)","Vendor library","","vendor include file"
"vendor\TCPDF-6.7.4\examples\example_064.php","Vendor","Shared library (vendor)","Vendor library","","vendor include file"
"vendor\TCPDF-6.7.4\examples\example_065.php","Vendor","Shared library (vendor)","Vendor library","","vendor include file"
"vendor\TCPDF-6.7.4\examples\example_066.php","Vendor","Shared library (vendor)","Vendor library","","vendor include file"
"vendor\TCPDF-6.7.4\examples\example_067.php","Vendor","Shared library (vendor)","Vendor library","","vendor include file"
"vendor\TCPDF-6.7.4\examples\index.php","Vendor","Shared library (vendor)","Vendor library","","vendor include file"
"vendor\TCPDF-6.7.4\examples\lang\afr.php","Vendor","Shared library (vendor)","Vendor library","","vendor include file"
"vendor\TCPDF-6.7.4\examples\lang\ara.php","Vendor","Shared library (vendor)","Vendor library","","vendor include file"
"vendor\TCPDF-6.7.4\examples\lang\aze.php","Vendor","Shared library (vendor)","Vendor library","","vendor include file"
"vendor\TCPDF-6.7.4\examples\lang\bel.php","Vendor","Shared library (vendor)","Vendor library","","vendor include file"
"vendor\TCPDF-6.7.4\examples\lang\bra.php","Vendor","Shared library (vendor)","Vendor library","","vendor include file"
"vendor\TCPDF-6.7.4\examples\lang\bul.php","Vendor","Shared library (vendor)","Vendor library","","vendor include file"
"vendor\TCPDF-6.7.4\examples\lang\cat.php","Vendor","Shared library (vendor)","Vendor library","","vendor include file"
"vendor\TCPDF-6.7.4\examples\lang\ces.php","Vendor","Shared library (vendor)","Vendor library","","vendor include file"
"vendor\TCPDF-6.7.4\examples\lang\chi.php","Vendor","Shared library (vendor)","Vendor library","","vendor include file"
"vendor\TCPDF-6.7.4\examples\lang\cym.php","Vendor","Shared library (vendor)","Vendor library","","vendor include file"
"vendor\TCPDF-6.7.4\examples\lang\dan.php","Vendor","Shared library (vendor)","Vendor library","","vendor include file"
"vendor\TCPDF-6.7.4\examples\lang\eng.php","Vendor","Shared library (vendor)","Vendor library","","vendor include file"
"vendor\TCPDF-6.7.4\examples\lang\est.php","Vendor","Shared library (vendor)","Vendor library","","vendor include file"
"vendor\TCPDF-6.7.4\examples\lang\eus.php","Vendor","Shared library (vendor)","Vendor library","","vendor include file"
"vendor\TCPDF-6.7.4\examples\lang\far.php","Vendor","Shared library (vendor)","Vendor library","","vendor include file"
"vendor\TCPDF-6.7.4\examples\lang\fra.php","Vendor","Shared library (vendor)","Vendor library","","vendor include file"
"vendor\TCPDF-6.7.4\examples\lang\ger.php","Vendor","Shared library (vendor)","Vendor library","","vendor include file"
"vendor\TCPDF-6.7.4\examples\lang\gle.php","Vendor","Shared library (vendor)","Vendor library","","vendor include file"
"vendor\TCPDF-6.7.4\examples\lang\glg.php","Vendor","Shared library (vendor)","Vendor library","","vendor include file"
"vendor\TCPDF-6.7.4\examples\lang\hat.php","Vendor","Shared library (vendor)","Vendor library","","vendor include file"
"vendor\TCPDF-6.7.4\examples\lang\heb.php","Vendor","Shared library (vendor)","Vendor library","","vendor include file"
"vendor\TCPDF-6.7.4\examples\lang\hrv.php","Vendor","Shared library (vendor)","Vendor library","","vendor include file"
"vendor\TCPDF-6.7.4\examples\lang\hun.php","Vendor","Shared library (vendor)","Vendor library","","vendor include file"
"vendor\TCPDF-6.7.4\examples\lang\hye.php","Vendor","Shared library (vendor)","Vendor library","","vendor include file"
"vendor\TCPDF-6.7.4\examples\lang\ind.php","Vendor","Shared library (vendor)","Vendor library","","vendor include file"
"vendor\TCPDF-6.7.4\examples\lang\ita.php","Vendor","Shared library (vendor)","Vendor library","","vendor include file"
"vendor\TCPDF-6.7.4\examples\lang\jpn.php","Vendor","Shared library (vendor)","Vendor library","","vendor include file"
"vendor\TCPDF-6.7.4\examples\lang\kat.php","Vendor","Shared library (vendor)","Vendor library","","vendor include file"
"vendor\TCPDF-6.7.4\examples\lang\kor.php","Vendor","Shared library (vendor)","Vendor library","","vendor include file"
"vendor\TCPDF-6.7.4\examples\lang\mkd.php","Vendor","Shared library (vendor)","Vendor library","","vendor include file"
"vendor\TCPDF-6.7.4\examples\lang\mlt.php","Vendor","Shared library (vendor)","Vendor library","","vendor include file"
"vendor\TCPDF-6.7.4\examples\lang\msa.php","Vendor","Shared library (vendor)","Vendor library","","vendor include file"
"vendor\TCPDF-6.7.4\examples\lang\nld.php","Vendor","Shared library (vendor)","Vendor library","","vendor include file"
"vendor\TCPDF-6.7.4\examples\lang\nob.php","Vendor","Shared library (vendor)","Vendor library","","vendor include file"
"vendor\TCPDF-6.7.4\examples\lang\pol.php","Vendor","Shared library (vendor)","Vendor library","","vendor include file"
"vendor\TCPDF-6.7.4\examples\lang\por.php","Vendor","Shared library (vendor)","Vendor library","","vendor include file"
"vendor\TCPDF-6.7.4\examples\lang\ron.php","Vendor","Shared library (vendor)","Vendor library","","vendor include file"
"vendor\TCPDF-6.7.4\examples\lang\rus.php","Vendor","Shared library (vendor)","Vendor library","","vendor include file"
"vendor\TCPDF-6.7.4\examples\lang\slv.php","Vendor","Shared library (vendor)","Vendor library","","vendor include file"
"vendor\TCPDF-6.7.4\examples\lang\spa.php","Vendor","Shared library (vendor)","Vendor library","","vendor include file"
"vendor\TCPDF-6.7.4\examples\lang\sqi.php","Vendor","Shared library (vendor)","Vendor library","","vendor include file"
"vendor\TCPDF-6.7.4\examples\lang\srp.php","Vendor","Shared library (vendor)","Vendor library","","vendor include file"
"vendor\TCPDF-6.7.4\examples\lang\swa.php","Vendor","Shared library (vendor)","Vendor library","","vendor include file"
"vendor\TCPDF-6.7.4\examples\lang\swe.php","Vendor","Shared library (vendor)","Vendor library","","vendor include file"
"vendor\TCPDF-6.7.4\examples\lang\ukr.php","Vendor","Shared library (vendor)","Vendor library","","vendor include file"
"vendor\TCPDF-6.7.4\examples\lang\urd.php","Vendor","Shared library (vendor)","Vendor library","","vendor include file"
"vendor\TCPDF-6.7.4\examples\lang\yid.php","Vendor","Shared library (vendor)","Vendor library","","vendor include file"
"vendor\TCPDF-6.7.4\examples\lang\zho.php","Vendor","Shared library (vendor)","Vendor library","","vendor include file"
"vendor\TCPDF-6.7.4\examples\tcpdf_include.php","Vendor","Shared library (vendor)","Vendor library","","vendor include file"
"vendor\TCPDF-6.7.4\fonts\aealarabiya.php","Vendor","Shared library (vendor)","Vendor library","","vendor include file"
"vendor\TCPDF-6.7.4\fonts\aefurat.php","Vendor","Shared library (vendor)","Vendor library","","vendor include file"
"vendor\TCPDF-6.7.4\fonts\cid0cs.php","Vendor","Shared library (vendor)","Vendor library","","vendor include file"
"vendor\TCPDF-6.7.4\fonts\cid0ct.php","Vendor","Shared library (vendor)","Vendor library","","vendor include file"
"vendor\TCPDF-6.7.4\fonts\cid0jp.php","Vendor","Shared library (vendor)","Vendor library","","vendor include file"
"vendor\TCPDF-6.7.4\fonts\cid0kr.php","Vendor","Shared library (vendor)","Vendor library","","vendor include file"
"vendor\TCPDF-6.7.4\fonts\courier.php","Vendor","Shared library (vendor)","Vendor library","","vendor include file"
"vendor\TCPDF-6.7.4\fonts\courierb.php","Vendor","Shared library (vendor)","Vendor library","","vendor include file"
"vendor\TCPDF-6.7.4\fonts\courierbi.php","Vendor","Shared library (vendor)","Vendor library","","vendor include file"
"vendor\TCPDF-6.7.4\fonts\courieri.php","Vendor","Shared library (vendor)","Vendor library","","vendor include file"
"vendor\TCPDF-6.7.4\fonts\dejavusans.php","Vendor","Shared library (vendor)","Vendor library","","vendor include file"
"vendor\TCPDF-6.7.4\fonts\dejavusansb.php","Vendor","Shared library (vendor)","Vendor library","","vendor include file"
"vendor\TCPDF-6.7.4\fonts\dejavusansbi.php","Vendor","Shared library (vendor)","Vendor library","","vendor include file"
"vendor\TCPDF-6.7.4\fonts\dejavusanscondensed.php","Vendor","Shared library (vendor)","Vendor library","","vendor include file"
"vendor\TCPDF-6.7.4\fonts\dejavusanscondensedb.php","Vendor","Shared library (vendor)","Vendor library","","vendor include file"
"vendor\TCPDF-6.7.4\fonts\dejavusanscondensedbi.php","Vendor","Shared library (vendor)","Vendor library","","vendor include file"
"vendor\TCPDF-6.7.4\fonts\dejavusanscondensedi.php","Vendor","Shared library (vendor)","Vendor library","","vendor include file"
"vendor\TCPDF-6.7.4\fonts\dejavusansextralight.php","Vendor","Shared library (vendor)","Vendor library","","vendor include file"
"vendor\TCPDF-6.7.4\fonts\dejavusansi.php","Vendor","Shared library (vendor)","Vendor library","","vendor include file"
"vendor\TCPDF-6.7.4\fonts\dejavusansmono.php","Vendor","Shared library (vendor)","Vendor library","","vendor include file"
"vendor\TCPDF-6.7.4\fonts\dejavusansmonob.php","Vendor","Shared library (vendor)","Vendor library","","vendor include file"
"vendor\TCPDF-6.7.4\fonts\dejavusansmonobi.php","Vendor","Shared library (vendor)","Vendor library","","vendor include file"
"vendor\TCPDF-6.7.4\fonts\dejavusansmonoi.php","Vendor","Shared library (vendor)","Vendor library","","vendor include file"
"vendor\TCPDF-6.7.4\fonts\dejavuserif.php","Vendor","Shared library (vendor)","Vendor library","","vendor include file"
"vendor\TCPDF-6.7.4\fonts\dejavuserifb.php","Vendor","Shared library (vendor)","Vendor library","","vendor include file"
"vendor\TCPDF-6.7.4\fonts\dejavuserifbi.php","Vendor","Shared library (vendor)","Vendor library","","vendor include file"
"vendor\TCPDF-6.7.4\fonts\dejavuserifcondensed.php","Vendor","Shared library (vendor)","Vendor library","","vendor include file"
"vendor\TCPDF-6.7.4\fonts\dejavuserifcondensedb.php","Vendor","Shared library (vendor)","Vendor library","","vendor include file"
"vendor\TCPDF-6.7.4\fonts\dejavuserifcondensedbi.php","Vendor","Shared library (vendor)","Vendor library","","vendor include file"
"vendor\TCPDF-6.7.4\fonts\dejavuserifcondensedi.php","Vendor","Shared library (vendor)","Vendor library","","vendor include file"
"vendor\TCPDF-6.7.4\fonts\dejavuserifi.php","Vendor","Shared library (vendor)","Vendor library","","vendor include file"
"vendor\TCPDF-6.7.4\fonts\freemono.php","Vendor","Shared library (vendor)","Vendor library","","vendor include file"
"vendor\TCPDF-6.7.4\fonts\freemonob.php","Vendor","Shared library (vendor)","Vendor library","","vendor include file"
"vendor\TCPDF-6.7.4\fonts\freemonobi.php","Vendor","Shared library (vendor)","Vendor library","","vendor include file"
"vendor\TCPDF-6.7.4\fonts\freemonoi.php","Vendor","Shared library (vendor)","Vendor library","","vendor include file"
"vendor\TCPDF-6.7.4\fonts\freesans.php","Vendor","Shared library (vendor)","Vendor library","","vendor include file"
"vendor\TCPDF-6.7.4\fonts\freesansb.php","Vendor","Shared library (vendor)","Vendor library","","vendor include file"
"vendor\TCPDF-6.7.4\fonts\freesansbi.php","Vendor","Shared library (vendor)","Vendor library","","vendor include file"
"vendor\TCPDF-6.7.4\fonts\freesansi.php","Vendor","Shared library (vendor)","Vendor library","","vendor include file"
"vendor\TCPDF-6.7.4\fonts\freeserif.php","Vendor","Shared library (vendor)","Vendor library","","vendor include file"
"vendor\TCPDF-6.7.4\fonts\freeserifb.php","Vendor","Shared library (vendor)","Vendor library","","vendor include file"
"vendor\TCPDF-6.7.4\fonts\freeserifbi.php","Vendor","Shared library (vendor)","Vendor library","","vendor include file"
"vendor\TCPDF-6.7.4\fonts\freeserifi.php","Vendor","Shared library (vendor)","Vendor library","","vendor include file"
"vendor\TCPDF-6.7.4\fonts\helvetica.php","Vendor","Shared library (vendor)","Vendor library","","vendor include file"
"vendor\TCPDF-6.7.4\fonts\helveticab.php","Vendor","Shared library (vendor)","Vendor library","","vendor include file"
"vendor\TCPDF-6.7.4\fonts\helveticabi.php","Vendor","Shared library (vendor)","Vendor library","","vendor include file"
"vendor\TCPDF-6.7.4\fonts\helveticai.php","Vendor","Shared library (vendor)","Vendor library","","vendor include file"
"vendor\TCPDF-6.7.4\fonts\hysmyeongjostdmedium.php","Vendor","Shared library (vendor)","Vendor library","","vendor include file"
"vendor\TCPDF-6.7.4\fonts\kozgopromedium.php","Vendor","Shared library (vendor)","Vendor library","","vendor include file"
"vendor\TCPDF-6.7.4\fonts\kozminproregular.php","Vendor","Shared library (vendor)","Vendor library","","vendor include file"
"vendor\TCPDF-6.7.4\fonts\msungstdlight.php","Vendor","Shared library (vendor)","Vendor library","","vendor include file"
"vendor\TCPDF-6.7.4\fonts\pdfacourier.php","Vendor","Shared library (vendor)","Vendor library","","vendor include file"
"vendor\TCPDF-6.7.4\fonts\pdfacourierb.php","Vendor","Shared library (vendor)","Vendor library","","vendor include file"
"vendor\TCPDF-6.7.4\fonts\pdfacourierbi.php","Vendor","Shared library (vendor)","Vendor library","","vendor include file"
"vendor\TCPDF-6.7.4\fonts\pdfacourieri.php","Vendor","Shared library (vendor)","Vendor library","","vendor include file"
"vendor\TCPDF-6.7.4\fonts\pdfahelvetica.php","Vendor","Shared library (vendor)","Vendor library","","vendor include file"
"vendor\TCPDF-6.7.4\fonts\pdfahelveticab.php","Vendor","Shared library (vendor)","Vendor library","","vendor include file"
"vendor\TCPDF-6.7.4\fonts\pdfahelveticabi.php","Vendor","Shared library (vendor)","Vendor library","","vendor include file"
"vendor\TCPDF-6.7.4\fonts\pdfahelveticai.php","Vendor","Shared library (vendor)","Vendor library","","vendor include file"
"vendor\TCPDF-6.7.4\fonts\pdfasymbol.php","Vendor","Shared library (vendor)","Vendor library","","vendor include file"
"vendor\TCPDF-6.7.4\fonts\pdfatimes.php","Vendor","Shared library (vendor)","Vendor library","","vendor include file"
"vendor\TCPDF-6.7.4\fonts\pdfatimesb.php","Vendor","Shared library (vendor)","Vendor library","","vendor include file"
"vendor\TCPDF-6.7.4\fonts\pdfatimesbi.php","Vendor","Shared library (vendor)","Vendor library","","vendor include file"
"vendor\TCPDF-6.7.4\fonts\pdfatimesi.php","Vendor","Shared library (vendor)","Vendor library","","vendor include file"
"vendor\TCPDF-6.7.4\fonts\pdfazapfdingbats.php","Vendor","Shared library (vendor)","Vendor library","","vendor include file"
"vendor\TCPDF-6.7.4\fonts\stsongstdlight.php","Vendor","Shared library (vendor)","Vendor library","","vendor include file"
"vendor\TCPDF-6.7.4\fonts\symbol.php","Vendor","Shared library (vendor)","Vendor library","","vendor include file"
"vendor\TCPDF-6.7.4\fonts\times.php","Vendor","Shared library (vendor)","Vendor library","","vendor include file"
"vendor\TCPDF-6.7.4\fonts\timesb.php","Vendor","Shared library (vendor)","Vendor library","","vendor include file"
"vendor\TCPDF-6.7.4\fonts\timesbi.php","Vendor","Shared library (vendor)","Vendor library","","vendor include file"
"vendor\TCPDF-6.7.4\fonts\timesi.php","Vendor","Shared library (vendor)","Vendor library","","vendor include file"
"vendor\TCPDF-6.7.4\fonts\uni2cid_ac15.php","Vendor","Shared library (vendor)","Vendor library","","vendor include file"
"vendor\TCPDF-6.7.4\fonts\uni2cid_ag15.php","Vendor","Shared library (vendor)","Vendor library","","vendor include file"
"vendor\TCPDF-6.7.4\fonts\uni2cid_aj16.php","Vendor","Shared library (vendor)","Vendor library","","vendor include file"
"vendor\TCPDF-6.7.4\fonts\uni2cid_ak12.php","Vendor","Shared library (vendor)","Vendor library","","vendor include file"
"vendor\TCPDF-6.7.4\fonts\zapfdingbats.php","Vendor","Shared library (vendor)","Vendor library","","vendor include file"
"vendor\TCPDF-6.7.4\include\barcodes\datamatrix.php","Vendor","Shared library (vendor)","Vendor library","","vendor include file"
"vendor\TCPDF-6.7.4\include\barcodes\pdf417.php","Vendor","Shared library (vendor)","Vendor library","","vendor include file"
"vendor\TCPDF-6.7.4\include\barcodes\qrcode.php","Vendor","Shared library (vendor)","Vendor library","","vendor include file"
"vendor\TCPDF-6.7.4\include\tcpdf_colors.php","Vendor","Shared library (vendor)","Vendor library","","vendor include file"
"vendor\TCPDF-6.7.4\include\tcpdf_filters.php","Vendor","Shared library (vendor)","Vendor library","","vendor include file"
"vendor\TCPDF-6.7.4\include\tcpdf_font_data.php","Vendor","Shared library (vendor)","Vendor library","","vendor include file"
"vendor\TCPDF-6.7.4\include\tcpdf_fonts.php","Vendor","Shared library (vendor)","Vendor library","","vendor include file"
"vendor\TCPDF-6.7.4\include\tcpdf_images.php","Vendor","Shared library (vendor)","Vendor library","","vendor include file"
"vendor\TCPDF-6.7.4\include\tcpdf_static.php","Vendor","Shared library (vendor)","Vendor library","","vendor include file"
"vendor\TCPDF-6.7.4\tcpdf.php","Vendor","Shared library (vendor)","Vendor library","","vendor include file"
"vendor\TCPDF-6.7.4\tcpdf_autoconfig.php","Vendor","Shared library (vendor)","Vendor library","","vendor include file"
"vendor\TCPDF-6.7.4\tcpdf_barcodes_1d.php","Vendor","Shared library (vendor)","Vendor library","","vendor include file"
"vendor\TCPDF-6.7.4\tcpdf_barcodes_2d.php","Vendor","Shared library (vendor)","Vendor library","","vendor include file"
"vendor\TCPDF-6.7.4\tcpdf_import.php","Vendor","Shared library (vendor)","Vendor library","","vendor include file"
"vendor\TCPDF-6.7.4\tcpdf_parser.php","Vendor","Shared library (vendor)","Vendor library","","vendor include file"
"vendor\TCPDF-6.7.4\tools\tcpdf_addfont.php","Vendor","Shared library (vendor)","Vendor library","","vendor include file"
